
INSERT INTO `barrios`(`id_barrio`, `nom_barrio`, `id_municipio`) VALUES (1,'Los pinos',1);
INSERT INTO `barrios`(`id_barrio`, `nom_barrio`, `id_municipio`) VALUES (2,'El prado',1);
INSERT INTO `barrios`(`id_barrio`, `nom_barrio`, `id_municipio`) VALUES (3,'Palmita',1);
INSERT INTO `barrios`(`id_barrio`, `nom_barrio`, `id_municipio`) VALUES (4,'Porvenir',1);
INSERT INTO `barrios`(`id_barrio`, `nom_barrio`, `id_municipio`) VALUES (5,'San Francisco',1);
INSERT INTO `barrios`(`id_barrio`, `nom_barrio`, `id_municipio`) VALUES (6,'San Carlos',1);
INSERT INTO `barrios`(`id_barrio`, `nom_barrio`, `id_municipio`) VALUES (7,'Obrero',1);
INSERT INTO `barrios`(`id_barrio`, `nom_barrio`, `id_municipio`) VALUES (8,'Panamericano',1);
INSERT INTO `barrios`(`id_barrio`, `nom_barrio`, `id_municipio`) VALUES (9,'Argelia',1);
INSERT INTO `barrios`(`id_barrio`, `nom_barrio`, `id_municipio`) VALUES (10,'Sucre',1);
INSERT INTO `barrios`(`id_barrio`, `nom_barrio`, `id_municipio`) VALUES (11,'Cuatro de Junio',1);
INSERT INTO `barrios`(`id_barrio`, `nom_barrio`, `id_municipio`) VALUES (12,'Capilla',1);
INSERT INTO `barrios`(`id_barrio`, `nom_barrio`, `id_municipio`) VALUES (13,'Pascuita',1);
INSERT INTO `barrios`(`id_barrio`, `nom_barrio`, `id_municipio`) VALUES (14,'Valencia',1);
INSERT INTO `barrios`(`id_barrio`, `nom_barrio`, `id_municipio`) VALUES (15,'San Antonio',1);
INSERT INTO `barrios`(`id_barrio`, `nom_barrio`, `id_municipio`) VALUES (16,'La Paz',1);
INSERT INTO `barrios`(`id_barrio`, `nom_barrio`, `id_municipio`) VALUES (17,'La victoria',1);
INSERT INTO `barrios`(`id_barrio`, `nom_barrio`, `id_municipio`) VALUES (18,'Chapinero',1);
INSERT INTO `barrios`(`id_barrio`, `nom_barrio`, `id_municipio`) VALUES (19,'Niño Dios',1);
INSERT INTO `barrios`(`id_barrio`, `nom_barrio`, `id_municipio`) VALUES (20,'Eduardo Santos',1);
INSERT INTO `barrios`(`id_barrio`, `nom_barrio`, `id_municipio`) VALUES (21,'Las Américas',1);
INSERT INTO `barrios`(`id_barrio`, `nom_barrio`, `id_municipio`) VALUES (22,'San Fernando',1);
INSERT INTO `barrios`(`id_barrio`, `nom_barrio`, `id_municipio`) VALUES (23,'Avenida Cementerio',1);
INSERT INTO `barrios`(`id_barrio`, `nom_barrio`, `id_municipio`) VALUES (24,'Primavera',1);
INSERT INTO `barrios`(`id_barrio`, `nom_barrio`, `id_municipio`) VALUES (25,'Refugio de La Venta',1);
INSERT INTO `barrios`(`id_barrio`, `nom_barrio`, `id_municipio`) VALUES (26,'Carlos Lleras',1);
INSERT INTO `barrios`(`id_barrio`, `nom_barrio`, `id_municipio`) VALUES (27,'Villa Mercedes',1);
INSERT INTO `barrios`(`id_barrio`, `nom_barrio`, `id_municipio`) VALUES (28,'Villa Catalina e Inmaculada',1);



INSERT INTO `corregimientos`(`id_corregi`, `nom_corregi`, `id_municipio`) VALUES (1,'Alpujarra',1);
INSERT INTO `corregimientos`(`id_corregi`, `nom_corregi`, `id_municipio`) VALUES (2,'Quiroz',1);
INSERT INTO `corregimientos`(`id_corregi`, `nom_corregi`, `id_municipio`) VALUES (3,'La Caldera',1);
INSERT INTO `corregimientos`(`id_corregi`, `nom_corregi`, `id_municipio`) VALUES (4,'Chaguarurco',1);
INSERT INTO `corregimientos`(`id_corregi`, `nom_corregi`, `id_municipio`) VALUES (5,'Santander',1);
INSERT INTO `corregimientos`(`id_corregi`, `nom_corregi`, `id_municipio`) VALUES (6,'Juan Solarte Obando',1);
INSERT INTO `corregimientos`(`id_corregi`, `nom_corregi`, `id_municipio`) VALUES (7,'Sauce',1);
INSERT INTO `corregimientos`(`id_corregi`, `nom_corregi`, `id_municipio`) VALUES (8,'Cusillos',1);
INSERT INTO `corregimientos`(`id_corregi`, `nom_corregi`, `id_municipio`) VALUES (9,'Peña Blanca',1);


INSERT INTO `veredas`(`id_vereda`, `nom_vereda`, `id_corregi`) VALUES (1,'Alpujarra',1);
INSERT INTO `veredas`(`id_vereda`, `nom_vereda`, `id_corregi`) VALUES (2,'Palo Verde',1);
INSERT INTO `veredas`(`id_vereda`, `nom_vereda`, `id_corregi`) VALUES (3,'Villa Maria',1);
INSERT INTO `veredas`(`id_vereda`, `nom_vereda`, `id_corregi`) VALUES (4,'Cañada',1);
INSERT INTO `veredas`(`id_vereda`, `nom_vereda`, `id_corregi`) VALUES (5,'Salado',1);
INSERT INTO `veredas`(`id_vereda`, `nom_vereda`, `id_corregi`) VALUES (6,'Quiroz Alto',2);
INSERT INTO `veredas`(`id_vereda`, `nom_vereda`, `id_corregi`) VALUES (7,'Quiroz Bajo',2);
INSERT INTO `veredas`(`id_vereda`, `nom_vereda`, `id_corregi`) VALUES (8,'Olivos',2);
INSERT INTO `veredas`(`id_vereda`, `nom_vereda`, `id_corregi`) VALUES (9,'Llano Grande',2);
INSERT INTO `veredas`(`id_vereda`, `nom_vereda`, `id_corregi`) VALUES (10,'La Playa',2);
INSERT INTO `veredas`(`id_vereda`, `nom_vereda`, `id_corregi`) VALUES (11,'La Caldera',3);
INSERT INTO `veredas`(`id_vereda`, `nom_vereda`, `id_corregi`) VALUES (12,'Betulia',3);
INSERT INTO `veredas`(`id_vereda`, `nom_vereda`, `id_corregi`) VALUES (13,'El peligro',3);
INSERT INTO `veredas`(`id_vereda`, `nom_vereda`, `id_corregi`) VALUES (14,'Ojo de Agua',3);
INSERT INTO `veredas`(`id_vereda`, `nom_vereda`, `id_corregi`) VALUES (15,'El Cerrito',3);
INSERT INTO `veredas`(`id_vereda`, `nom_vereda`, `id_corregi`) VALUES (16,'Chaguarurco',4);
INSERT INTO `veredas`(`id_vereda`, `nom_vereda`, `id_corregi`) VALUES (17,' La Jacoba',4);
INSERT INTO `veredas`(`id_vereda`, `nom_vereda`, `id_corregi`) VALUES (18,'Diviso',4);
INSERT INTO `veredas`(`id_vereda`, `nom_vereda`, `id_corregi`) VALUES (19,'Pradera Sector A',4);
INSERT INTO `veredas`(`id_vereda`, `nom_vereda`, `id_corregi`) VALUES (20,'Pradera Sector B',4);
INSERT INTO `veredas`(`id_vereda`, `nom_vereda`, `id_corregi`) VALUES (21,'Castilla',4);
INSERT INTO `veredas`(`id_vereda`, `nom_vereda`, `id_corregi`) VALUES (22,'Santander',5);
INSERT INTO `veredas`(`id_vereda`, `nom_vereda`, `id_corregi`) VALUES (23,'Cuchillas Peñas Blancas',5);
INSERT INTO `veredas`(`id_vereda`, `nom_vereda`, `id_corregi`) VALUES (24,'La Cumbre',5);
INSERT INTO `veredas`(`id_vereda`, `nom_vereda`, `id_corregi`) VALUES (25,'El Boquerón',5);
INSERT INTO `veredas`(`id_vereda`, `nom_vereda`, `id_corregi`) VALUES (26,'El Jardín',5);
INSERT INTO `veredas`(`id_vereda`, `nom_vereda`, `id_corregi`) VALUES (27,'Juan Solarte Obando',6);
INSERT INTO `veredas`(`id_vereda`, `nom_vereda`, `id_corregi`) VALUES (28,'Reyes',6);
INSERT INTO `veredas`(`id_vereda`, `nom_vereda`, `id_corregi`) VALUES (29,'Guabo',6);
INSERT INTO `veredas`(`id_vereda`, `nom_vereda`, `id_corregi`) VALUES (30,'La Esperanza',6);
INSERT INTO `veredas`(`id_vereda`, `nom_vereda`, `id_corregi`) VALUES (31,'Sauce Alto',7);
INSERT INTO `veredas`(`id_vereda`, `nom_vereda`, `id_corregi`) VALUES (32,'Sauce A',7);
INSERT INTO `veredas`(`id_vereda`, `nom_vereda`, `id_corregi`) VALUES (33,'Sauce B',7);
INSERT INTO `veredas`(`id_vereda`, `nom_vereda`, `id_corregi`) VALUES (34,'Contadero',7);
INSERT INTO `veredas`(`id_vereda`, `nom_vereda`, `id_corregi`) VALUES (35,'Chilcal Bajo',7);
INSERT INTO `veredas`(`id_vereda`, `nom_vereda`, `id_corregi`) VALUES (36,'RincóCusillo',7);
INSERT INTO `veredas`(`id_vereda`, `nom_vereda`, `id_corregi`) VALUES (37,'Cusillo Alto',8);
INSERT INTO `veredas`(`id_vereda`, `nom_vereda`, `id_corregi`) VALUES (38,'Cusillo Bajo',8);
INSERT INTO `veredas`(`id_vereda`, `nom_vereda`, `id_corregi`) VALUES (39,'Chilcal Alto',8);
INSERT INTO `veredas`(`id_vereda`, `nom_vereda`, `id_corregi`) VALUES (40,'Las Palmas',8);
INSERT INTO `veredas`(`id_vereda`, `nom_vereda`, `id_corregi`) VALUES (41,'Bellavista',8);
INSERT INTO `veredas`(`id_vereda`, `nom_vereda`, `id_corregi`) VALUES (42,'Peña Blanca',9);
INSERT INTO `veredas`(`id_vereda`, `nom_vereda`, `id_corregi`) VALUES (43,'Buenos Aires',9);
INSERT INTO `veredas`(`id_vereda`, `nom_vereda`, `id_corregi`) VALUES (44,'La Fragua',9);
INSERT INTO `veredas`(`id_vereda`, `nom_vereda`, `id_corregi`) VALUES (45,'La Merced',9);